name,population_2001,births_2002,deaths_2002,natchange_2002,internal_in_2002,internal_out_2002,internal_net_2002,international_in_2002,international_out_2002,international_net_2002,other_change_2002,population_2002,births_2003,deaths_2003,natchange_2003,internal_in_2003,internal_out_2003,internal_net_2003,international_in_2003,international_out_2003,international_net_2003,other_change_2003,population_2003,births_2004,deaths_2004,natchange_2004,internal_in_2004,internal_out_2004,internal_net_2004,international_in_2004,international_out_2004,international_net_2004,other_change_2004,population_2004,births_2005,deaths_2005,natchange_2005,internal_in_2005,internal_out_2005,internal_net_2005,international_in_2005,international_out_2005,international_net_2005,other_change_2005,population_2005,births_2006,deaths_2006,natchange_2006,internal_in_2006,internal_out_2006,internal_net_2006,international_in_2006,international_out_2006,international_net_2006,other_change_2006,population_2006,births_2007,deaths_2007,natchange_2007,internal_in_2007,internal_out_2007,internal_net_2007,international_in_2007,international_out_2007,international_net_2007,other_change_2007,population_2007,births_2008,deaths_2008,natchange_2008,internal_in_2008,internal_out_2008,internal_net_2008,international_in_2008,international_out_2008,international_net_2008,other_change_2008,population_2008,births_2009,deaths_2009,natchange_2009,internal_in_2009,internal_out_2009,internal_net_2009,international_in_2009,international_out_2009,international_net_2009,other_change_2009,population_2009,births_2010,deaths_2010,natchange_2010,internal_in_2010,internal_out_2010,internal_net_2010,international_in_2010,international_out_2010,international_net_2010,other_change_2010,population_2010,births_2011,deaths_2011,natchange_2011,internal_in_2011,internal_out_2011,internal_net_2011,international_in_2011,international_out_2011,international_net_2011,other_change_2011,population_2011,births_2012,deaths_2012,natchange_2012,internal_in_2012,internal_out_2012,internal_net_2012,international_in_2012,international_out_2012,international_net_2012,other_change_2012,population_2012,births_2013,deaths_2013,natchange_2013,internal_in_2013,internal_out_2013,internal_net_2013,international_in_2013,international_out_2013,international_net_2013,other_change_2013,population_2013,births_2014,deaths_2014,natchange_2014,internal_in_2014,internal_out_2014,internal_net_2014,international_in_2014,international_out_2014,international_net_2014,other_change_2014,population_2014
City of London,7359,54,41,13,765,702,63,286,50,236,-391,7280,61,50,11,824,801,23,332,120,212,-411,7115,63,48,15,910,786,124,308,51,257,-393,7118,63,46,17,858,780,78,385,73,312,-394,7131,65,30,35,866,776,90,480,96,384,-386,7254,60,46,14,954,758,196,730,160,570,-427,7607,54,41,13,724,762,-38,419,174,245,-398,7429,54,36,18,888,822,66,629,258,371,-412,7472,76,48,28,961,853,108,621,493,128,-398,7338,79,34,45,884,857,27,899,483,416,-414,7412,56,36,20,856,894,-38,698,488,210,0,7604,71,27,44,628,821,-193,624,431,193,0,7648,68,33,35,906,768,138,698,446,252,-1,8072
Barking and Dagenham,165654,2416,1655,761,8394,9600,-1206,2212,727,1485,-337,166357,2505,1674,831,9111,10832,-1721,2118,1040,1078,-335,166210,2639,1642,997,9121,12208,-3087,2298,524,1774,-284,165610,2909,1580,1329,9634,11854,-2220,2413,542,1871,-315,166275,3072,1475,1597,10055,12150,-2095,2402,734,1668,-288,167157,3324,1374,1950,10970,12475,-1505,2819,1125,1694,-265,169031,3489,1370,2119,11037,11982,-945,3360,892,2468,-221,172452,3675,1417,2258,11107,10737,370,3679,948,2731,-231,177580,3643,1296,2347,11228,11361,-133,3878,574,3304,-260,182838,3695,1208,2487,10840,11487,-647,3160,586,2574,-223,187029,3797,1285,2512,11975,12527,-552,2477,906,1571,0,190560,3866,1235,2631,12354,12612,-258,2272,869,1403,16,194352,3699,1190,2509,12928,14046,-1118,3426,883,2543,8,198294
Barnet,319481,4151,2769,1382,18565,22292,-3727,6968,2817,4151,-735,320552,4363,2675,1688,18873,22400,-3527,7231,3409,3822,-733,321802,4328,2658,1670,18922,21901,-2979,6973,3056,3917,-687,323723,4607,2620,1987,18770,21158,-2388,8329,3384,4945,-726,327541,4766,2470,2296,20076,21614,-1538,6862,3679,3183,-681,330801,4977,2443,2534,20173,22269,-2096,8564,4290,4274,-676,334837,5233,2395,2838,19847,22384,-2537,8045,3315,4730,-656,339212,5202,2423,2779,20711,20113,598,7931,4045,3886,-646,345829,5340,2396,2944,21068,21116,-48,7201,3809,3392,-679,351438,5543,2383,3160,19948,21296,-1348,8311,3329,4982,-694,357538,5650,2315,3335,20777,21611,-834,6766,2861,3905,12,363956,5286,2371,2915,20664,22396,-1732,6102,2190,3912,37,369088,5275,2337,2938,21984,23868,-1884,7720,2950,4770,3,374915
Bexley,218757,2556,2068,488,10267,11000,-733,965,367,598,13,219123,2571,2112,459,10806,10889,-83,965,489,476,41,220016,2632,2036,596,10993,11335,-342,842,263,579,68,220917,2757,1937,820,10685,10555,130,889,380,509,15,222391,2683,1911,772,10279,10755,-476,1017,453,564,29,223280,2843,1845,998,11307,11522,-215,1295,774,521,41,224625,3046,1886,1160,10876,10791,85,1300,525,775,7,226652,2933,1964,969,9700,10039,-339,1348,479,869,-5,228146,3010,1777,1233,10210,10002,208,1492,324,1168,-44,230711,3092,1842,1250,9994,9920,74,1214,280,934,-195,232774,3160,1893,1267,11094,11358,-264,961,462,499,-5,234271,2972,1934,1038,11435,10590,845,969,453,516,17,236687,3019,1824,1195,12228,10955,1273,1144,445,699,11,239865
Brent,269620,3967,1780,2187,15362,22926,-7564,7987,5122,2865,2763,269871,4326,1777,2549,14546,22879,-8333,7657,6211,1446,2790,268323,4355,1693,2662,14529,22516,-7987,7855,5401,2454,2883,268335,4417,1617,2800,15312,23013,-7701,9478,4838,4640,2865,270939,4589,1596,2993,15749,22262,-6513,10426,4239,6187,2898,276504,4803,1540,3263,15679,23208,-7529,12482,4321,8161,2874,283273,4892,1547,3345,15806,22593,-6787,12182,4004,8178,2892,290901,4998,1554,3444,16968,22162,-5194,10281,4138,6143,2824,298118,5050,1539,3511,17276,22505,-5229,10228,4523,5705,2680,304785,5362,1515,3847,16855,21200,-4345,8829,3110,5719,2239,312245,5312,1556,3756,17621,21812,-4191,8046,5172,2874,-24,314660,5170,1689,3481,17319,22241,-4922,8326,4305,4021,24,317264,5160,1466,3694,17393,24325,-6932,11257,4540,6717,19,320762
Bromley,296218,3372,2814,558,15133,15511,-378,1953,923,1030,-760,296668,3529,2924,605,15514,15791,-277,2208,1174,1034,-777,297253,3611,2894,717,14962,16198,-1236,2034,703,1331,-758,297307,3599,2713,886,16014,15108,906,2136,1019,1117,-795,299421,3710,2619,1091,15956,15485,471,1899,1134,765,-785,300963,3831,2686,1145,17271,16349,922,1993,1585,408,-813,302625,4045,2711,1334,15733,14682,1051,1798,1009,789,-831,304968,3958,2622,1336,14621,13845,776,1889,1149,740,-896,306924,4147,2556,1591,15267,15072,195,1723,949,774,-924,308560,4135,2509,1626,14851,14284,567,1599,732,867,-1066,310554,4139,2593,1546,16692,15225,1467,1445,965,480,-11,314036,3981,2547,1434,17034,14988,2046,1339,991,348,35,317899,4002,2516,1486,18140,16971,1169,1694,966,728,-4,321278
Camden,202567,2875,1449,1426,18107,19882,-1775,9290,5439,3851,-2097,203972,2889,1391,1498,18693,20817,-2124,9713,6725,2988,-2080,204254,2983,1416,1567,19441,20532,-1091,10823,6102,4721,-2110,207341,3031,1383,1648,19470,20373,-903,12283,7142,5141,-2139,211088,2949,1285,1664,19325,20698,-1373,9651,7876,1775,-2122,211032,3109,1237,1872,19958,22105,-2147,10991,8032,2959,-2196,211520,3073,1238,1835,18811,22507,-3696,8704,5984,2720,-2106,210273,3059,1114,1945,21392,22208,-816,10699,7005,3694,-2172,212924,3107,1139,1968,20803,22257,-1454,11422,7927,3495,-2208,214725,3058,1078,1980,20005,21907,-1902,13788,6346,7442,-2158,220087,3085,1094,1991,20400,22698,-2298,11948,6763,5185,-3,224962,2861,1144,1717,20254,21990,-1736,11010,6266,4744,32,229719,2679,1037,1642,20976,23766,-2790,12531,6243,6288,-13,234846
Croydon,335112,4365,2755,1610,16344,20051,-3707,4382,2695,1687,713,335415,4504,2745,1759,17467,21040,-3573,4027,2484,1543,775,335919,4708,2718,1990,17148,21140,-3992,4559,2144,2415,802,337134,4849,2597,2252,17395,21388,-3993,5351,2508,2843,816,339052,4685,2590,2095,18418,21317,-2899,3906,2653,1253,948,340449,5141,2427,2714,19661,21901,-2240,5534,3389,2145,961,344029,5457,2410,3047,18637,20349,-1712,5401,2526,2875,1069,349308,5221,2454,2767,17813,19957,-2144,4512,2840,1672,1160,352763,5330,2399,2931,18257,19293,-1036,4648,2646,2002,1291,357951,5701,2364,3337,18492,18351,141,4197,2204,1993,1393,364815,5790,2453,3337,19442,20196,-754,3547,2068,1479,9,368886,5747,2401,3346,19199,19823,-624,3292,2151,1141,3,372752,5648,2205,3443,19983,22345,-2362,4236,2047,2189,18,376040
Ealing,307276,4321,2219,2102,18682,24939,-6257,10465,5216,5249,872,309242,4491,2200,2291,18142,25998,-7856,9396,5880,3516,915,308108,4592,2090,2502,18253,26136,-7883,10738,4378,6360,986,310073,4810,2090,2720,18149,25332,-7183,10863,4660,6203,961,312774,4953,1953,3000,18641,25440,-6799,10089,4731,5358,996,315329,5162,1904,3258,20301,26508,-6207,10342,5076,5266,1025,318671,5563,1852,3711,21176,24600,-3424,9273,5251,4022,1042,324022,5548,1943,3605,21431,23308,-1877,9216,5978,3238,978,329966,5738,1905,3833,20861,24498,-3637,9411,6370,3041,870,334073,5883,1847,4036,20536,24519,-3983,9626,5099,4527,661,339314,5727,1900,3827,21035,25236,-4201,7243,5494,1749,-18,340671,5687,1873,3814,20260,24664,-4404,6941,4558,2383,30,342494,5462,1754,3708,20278,26669,-6391,8221,5930,2291,16,342118
Enfield,277266,3825,2439,1386,15935,17726,-1791,5640,1825,3815,69,280745,4024,2434,1590,15331,18186,-2855,4530,2262,2268,87,281835,4107,2385,1722,15195,18449,-3254,3625,1817,1808,106,282217,4380,2241,2139,15477,17950,-2473,4590,1763,2827,69,284779,4513,2235,2278,16997,18287,-1290,3480,1917,1563,99,287429,4712,2067,2645,16877,18293,-1416,5336,2559,2777,99,291534,4952,2025,2927,16902,17908,-1006,5919,2024,3895,93,297443,4936,2087,2849,16529,18267,-1738,5318,1964,3354,63,301971,4960,2014,2946,16979,18235,-1256,5272,1358,3914,73,307648,5002,1855,3147,16443,15926,517,3836,1169,2667,-44,313935,5017,1928,3089,15999,17619,-1620,3253,1367,1886,-3,317287,4966,1997,2969,16223,17899,-1676,3032,1099,1933,11,320524,4876,1928,2948,17155,19047,-1892,4291,1308,2983,11,324574
Greenwich,217460,3282,1909,1373,14700,15191,-491,3427,1979,1448,1686,221476,3389,1983,1406,14964,16386,-1422,3419,2241,1178,1665,224303,3516,1983,1533,14846,16968,-2122,3672,1890,1782,1694,227190,3937,1982,1955,15497,17550,-2053,3910,2267,1643,1759,230494,4079,1801,2278,15344,17753,-2409,4649,2855,1794,1833,233990,4361,1776,2585,15860,19266,-3406,4762,3262,1500,1866,236535,4439,1777,2662,14832,18809,-3977,5298,2676,2622,1906,239748,4437,1662,2775,14805,17608,-2803,4730,2619,2111,1841,243672,4549,1693,2856,15666,17644,-1978,5728,2848,2880,1741,249171,4581,1600,2981,15966,17265,-1299,5315,2533,2782,1848,255483,4598,1583,3015,17408,18840,-1432,4675,2108,2567,435,260068,4564,1538,3026,17640,18511,-871,3872,2054,1818,-33,264008,4405,1510,2895,18150,19412,-1262,4575,1782,2793,244,268678
Hackney,207246,4130,1214,2916,13779,17852,-4073,4865,1788,3077,1795,210961,4220,1295,2925,13726,19604,-5878,5112,2514,2598,1799,212405,4257,1255,3002,13067,19579,-6512,4915,2023,2892,1794,213581,4378,1183,3195,13742,18735,-4993,5243,2289,2954,1775,216512,4473,1241,3232,14140,18330,-4190,5099,2247,2852,1787,220193,4516,1156,3360,14921,18274,-3353,5028,2501,2527,1753,224480,4427,1090,3337,16426,18386,-1960,5770,2302,3468,1716,231041,4443,1109,3334,18037,18799,-762,4764,3403,1361,1648,236622,4588,1082,3506,18225,18710,-485,4255,3670,585,1511,241739,4495,1049,3446,17253,18251,-998,4545,2874,1671,1324,247182,4445,1055,3390,18873,18739,134,4517,3097,1420,-7,252119,4507,1055,3452,18866,19105,-239,4859,2838,2021,26,257379,4372,967,3405,19999,20225,-226,5285,2693,2592,0,263150
Hammersmith and Fulham,169374,2452,1026,1426,13999,16936,-2937,7259,4015,3244,882,171989,2592,1107,1485,14017,17600,-3583,7044,6176,868,751,171510,2603,1050,1553,14165,17534,-3369,6601,4879,1722,667,172083,2654,995,1659,14524,17273,-2749,6962,5222,1740,559,173292,2698,886,1812,15047,17529,-2482,6596,5274,1322,731,174675,2759,954,1805,16374,17767,-1393,6904,6310,594,791,176472,2730,979,1751,16086,18486,-2400,6328,5720,608,657,177088,2738,908,1830,17286,17205,81,7146,6799,347,770,180116,2830,868,1962,18016,18551,-535,5973,7200,-1227,526,180842,2778,924,1854,17139,18224,-1085,5315,5168,147,687,182445,2716,896,1820,16737,18599,-1862,5110,7615,-2505,-48,179850,2599,880,1719,15634,18577,-2943,5024,4983,41,18,178685,2494,813,1681,16336,19584,-3248,5917,4640,1277,-30,178365
Haringey,221251,3780,1422,2358,16093,21943,-5850,8970,3053,5917,798,224474,3847,1464,2383,16159,22551,-6392,7576,3856,3720,842,225027,3966,1434,2532,16170,22426,-6256,6952,2687,4265,904,226472,3964,1264,2700,16337,21925,-5588,7507,2700,4807,880,229271,3980,1234,2746,17491,22060,-4569,7412,2600,4812,914,233174,4275,1253,3022,17837,23134,-5297,7909,2894,5015,879,236793,4325,1228,3097,18211,21797,-3586,10200,2931,7269,886,244459,4234,1126,3108,18584,21990,-3406,9225,4425,4800,844,249805,4356,1171,3185,19293,23325,-4032,8365,5329,3036,748,252742,4339,1140,3199,18876,23134,-4258,6921,3554,3367,490,255540,4190,1161,3029,19381,23002,-3621,6797,2825,3972,-8,258912,4150,1068,3082,19699,23191,-3492,6777,1917,4860,24,263386,4091,1085,3006,20626,25038,-4412,8230,2671,5559,2,267541
Harrow,210044,2602,1622,980,13141,14401,-1260,3705,1529,2176,396,212336,2714,1667,1047,12885,14748,-1863,3439,1561,1878,330,213728,2814,1631,1183,13558,15095,-1537,3962,1348,2614,279,216267,2872,1694,1178,13931,14497,-566,5188,1327,3861,369,221109,2922,1532,1390,13648,15500,-1852,4147,1534,2613,372,223632,2962,1503,1459,14201,15802,-1601,4312,1816,2496,369,226355,3193,1461,1732,13679,14959,-1280,4031,1632,2399,361,229567,3264,1440,1824,13830,14728,-898,4513,1824,2689,313,233495,3344,1432,1912,13694,15015,-1321,4900,1812,3088,277,237451,3444,1396,2048,13274,14776,-1502,3805,1334,2471,31,240499,3530,1439,2091,13944,15846,-1902,3134,1440,1694,-5,242377,3620,1449,2171,13300,15652,-2352,2869,1716,1153,24,243373,3574,1392,2182,13704,16310,-2606,4526,1496,3030,32,246011
Havering,224717,2345,2403,-58,9052,9081,-29,940,472,468,-44,225054,2345,2523,-178,9224,9135,89,913,572,341,-58,225248,2396,2354,42,9603,9627,-24,823,286,537,-34,225769,2484,2353,131,9795,9098,697,826,363,463,-70,226990,2462,2277,185,9944,9184,760,727,394,333,-70,228198,2529,2162,367,10881,9748,1133,898,693,205,-114,229789,2698,2196,502,10637,9477,1160,915,463,452,-110,231793,2734,2246,488,9729,8251,1478,985,453,532,-164,234127,2726,2153,573,9989,8885,1104,1015,354,661,-231,236234,2851,2127,724,9424,8797,627,986,245,741,-399,237927,2933,2176,757,10383,9598,785,731,465,266,-2,239733,2926,2335,591,10930,9460,1470,730,459,271,15,242080,3088,2111,977,12515,10271,2244,1139,466,673,0,245974
Hillingdon,245616,3252,2055,1197,14347,15611,-1264,2794,1072,1722,-208,247063,3307,2069,1238,14374,16235,-1861,3091,1238,1853,-239,248054,3437,2132,1305,14442,16762,-2320,3627,1253,2374,-722,248691,3408,2025,1383,14703,15996,-1293,4352,1474,2878,-229,251430,3627,1869,1758,15127,16143,-1016,4177,1738,2439,-224,254387,3724,1863,1861,15882,17446,-1564,4563,2006,2557,-260,256981,4067,1873,2194,16050,16668,-618,4249,1493,2756,-262,261051,4139,1871,2268,15628,15197,431,4146,1899,2247,-332,265665,4164,1738,2426,15413,16041,-628,4446,1972,2474,-472,269465,4301,1794,2507,15789,15970,-181,6279,1873,4406,-698,275499,4459,1832,2627,17216,17109,107,5072,1573,3499,24,281756,4390,1843,2547,16530,16827,-297,4363,1530,2833,-31,286808,4369,1733,2636,16995,17795,-800,5406,1436,3970,76,292690
Hounslow,215976,3172,1705,1467,13564,17527,-3963,5608,2469,3139,269,216888,3271,1702,1569,13250,18204,-4954,5256,2681,2575,420,216498,3481,1664,1817,13945,18039,-4094,6924,2034,4890,329,219440,3668,1574,2094,14196,17806,-3610,7922,2435,5487,365,223776,3762,1562,2200,14701,17776,-3075,7750,2936,4814,411,228126,3881,1409,2472,16017,18257,-2240,8218,3510,4708,388,233454,4258,1424,2834,15546,19120,-3574,8465,3646,4819,374,237907,4168,1390,2778,15738,17483,-1745,8394,4415,3979,447,243366,4372,1422,2950,15911,17119,-1208,8900,5073,3827,301,249236,4469,1435,3034,15715,16783,-1068,6832,3359,3473,252,254927,4671,1422,3249,15898,17841,-1943,4896,2065,2831,-12,259052,4512,1436,3076,15313,18065,-2752,4689,1695,2994,37,262407,4344,1354,2990,15677,19355,-3678,5614,2007,3607,242,265568
Islington,179387,2521,1238,1283,16150,17964,-1814,6164,4274,1890,-628,180118,2609,1273,1336,16972,18753,-1781,6320,4581,1739,-513,180899,2646,1256,1390,16258,19008,-2750,6075,4224,1851,-559,180831,2718,1210,1508,17706,18966,-1260,7058,4156,2902,-504,183477,2702,1132,1570,18210,20101,-1891,7454,4770,2684,-557,185283,2831,1121,1710,19724,20665,-941,8335,5291,3044,-460,188636,2859,1160,1699,19633,20431,-798,7872,4817,3055,-503,192089,2922,1089,1833,21410,20607,803,7885,5285,2600,-621,196704,3005,1091,1914,20341,20894,-553,8522,5781,2741,-677,200129,3015,1003,2012,20079,20273,-194,10314,5104,5210,-872,206285,2945,1034,1911,19864,21478,-1614,8440,4103,4337,128,211047,2945,1051,1894,19543,20669,-1126,7477,3629,3848,8,215671,2841,1015,1826,20749,21816,-1067,8102,3482,4620,-20,221030
Kensington and Chelsea,162199,2116,995,1121,10103,12977,-2874,9991,6054,3937,-556,163827,2222,963,1259,10571,12455,-1884,10144,7505,2639,-573,165268,2242,900,1342,10148,12220,-2072,9464,7658,1806,-592,165752,2177,931,1246,10412,12400,-1988,11453,7482,3971,-606,168375,2237,879,1358,10356,12173,-1817,5296,7347,-2051,-620,165245,2267,824,1443,10600,12608,-2008,5470,6652,-1182,-615,162883,2213,863,1350,10130,12177,-2047,6508,5474,1034,-641,162579,2220,820,1400,11208,12147,-939,6012,6466,-454,-693,161893,2268,814,1454,11523,12922,-1399,5975,6706,-731,-754,160463,2231,828,1403,10642,12692,-2050,5052,5772,-720,-845,158251,2064,829,1235,10304,12560,-2256,4559,5870,-1311,11,155930,1909,809,1100,10391,11667,-1276,4437,4607,-170,10,155594,1820,732,1088,10999,12579,-1580,4882,3823,1059,29,156190
Kingston upon Thames,149045,1836,1306,530,11190,11720,-530,3721,1706,2015,-1418,149642,1794,1252,542,11564,12091,-527,3633,2181,1452,-1426,149683,1945,1263,682,11763,11653,110,3423,1407,2016,-1436,151055,2036,1132,904,11769,11923,-154,3675,1556,2119,-1435,152489,2024,1152,872,12753,12372,381,3330,1931,1399,-1474,153667,2142,1117,1025,13080,12939,141,3605,2426,1179,-1527,154485,2202,1099,1103,12352,12343,9,3699,1756,1943,-1513,156027,2292,1024,1268,11983,12491,-508,3578,1532,2046,-1526,157307,2270,1011,1259,12009,12656,-647,3599,1294,2305,-1576,158648,2336,1019,1317,11982,12738,-756,4153,1392,2761,-1534,160436,2306,1014,1292,12688,12667,21,3400,1262,2138,19,163906,2213,1097,1116,12281,12334,-53,2865,1038,1827,-3,166793,2169,991,1178,12850,13038,-188,3280,1144,2136,39,169958
Lambeth,273372,4341,1731,2610,21677,28245,-6568,6635,3432,3203,424,273041,4565,1770,2795,22906,29444,-6538,6507,4107,2400,497,272195,4815,1704,3111,23274,29096,-5822,7713,3375,4338,440,274262,4646,1689,2957,24402,29824,-5422,8571,3258,5313,510,277620,4849,1589,3260,24713,29982,-5269,7055,2654,4401,512,280524,4836,1558,3278,25392,30374,-4982,9153,3574,5579,565,284964,4918,1512,3406,26133,29629,-3496,7667,3887,3780,472,289126,4795,1601,3194,28398,29409,-1011,7905,5654,2251,490,294050,4931,1400,3531,28078,29675,-1597,7422,6145,1277,389,297650,4877,1383,3494,28959,28872,87,8532,5608,2924,326,304481,4833,1369,3464,30070,30786,-716,7405,4710,2695,276,310200,4645,1366,3279,29059,31792,-2733,7471,4204,3267,229,314242,4571,1341,3230,30791,32699,-1908,7100,4455,2645,7,318216
Lewisham,254336,3773,2036,1737,15613,20455,-4842,4151,1677,2474,-43,253662,3836,2009,1827,15746,21254,-5508,4081,2097,1984,-29,251936,4004,1950,2054,16908,21192,-4284,4350,1626,2724,25,252455,4131,1923,2208,18148,21540,-3392,5507,1814,3693,-34,254930,4529,1790,2739,18466,21364,-2898,5065,1817,3248,-43,257976,4557,1642,2915,19429,22124,-2695,5276,2251,3025,-33,261188,4873,1775,3098,19601,21044,-1443,5649,1960,3689,-24,266508,4777,1701,3076,19992,21164,-1172,4870,2833,2037,-31,270418,4975,1615,3360,18787,21492,-2705,4326,2710,1616,-164,272525,5018,1601,3417,19406,20762,-1356,5411,2736,2675,-323,276938,4940,1489,3451,20756,22201,-1445,4704,2086,2618,-6,281556,4951,1545,3406,21187,22382,-1195,4263,1856,2407,6,286180,4753,1461,3292,22542,23329,-787,5188,1954,3234,14,291933
Merton,191106,2576,1399,1177,13021,15351,-2330,4880,2968,1912,-1304,190561,2612,1420,1192,13135,15597,-2462,4412,3115,1297,-1290,189298,2785,1455,1330,13324,15956,-2632,4700,2488,2212,-1300,188908,2893,1316,1577,13835,15461,-1626,5282,2257,3025,-1301,190583,2972,1309,1663,14381,15996,-1615,5814,2579,3235,-1346,192520,3246,1296,1950,14735,16894,-2159,6076,2736,3340,-1391,194260,3331,1259,2072,14224,16338,-2114,5530,2460,3070,-1429,195859,3371,1219,2152,14740,15378,-638,4929,2656,2273,-1510,198136,3475,1219,2256,15106,15987,-881,3881,2649,1232,-1607,199136,3543,1128,2415,14585,15451,-866,3761,2132,1629,-1771,200543,3507,1202,2305,15191,15865,-674,3170,3120,50,1,202225,3474,1217,2257,15100,16559,-1459,2858,2681,177,23,203223,3308,1193,2115,15250,17615,-2365,3622,3082,540,2,203515
Newham,249411,4851,1635,3216,13742,20634,-6892,9386,2070,7316,2231,255282,5019,1581,3438,13805,22986,-9181,7416,3025,4391,2294,256224,5095,1587,3508,13965,24849,-10884,5812,2601,3211,2375,254434,5240,1567,3673,14228,24320,-10092,6259,2813,3446,2337,253798,5488,1525,3963,14721,24266,-9545,10844,3446,7398,2380,257994,5711,1410,4301,15356,24129,-8773,13934,3497,10437,2326,266285,6112,1437,4675,15411,23535,-8124,13896,2522,11374,2268,276478,5897,1365,4532,16068,23932,-7864,14758,3676,11082,2219,286447,6133,1304,4829,15158,23976,-8818,18787,4030,14757,1956,299171,6332,1201,5131,15790,23218,-7428,16545,4344,12201,1385,310460,6467,1295,5172,17326,25685,-8359,12371,5542,6829,-18,314084,6260,1280,4980,17706,25713,-8007,11324,4173,7151,19,318227,6285,1193,5092,18678,27212,-8534,13688,4170,9518,19,324322
Redbridge,241893,3095,2149,946,13920,15522,-1602,4153,1075,3078,-42,244273,3352,2041,1311,16116,16373,-257,3584,1441,2143,-58,247412,3380,2078,1302,15620,17401,-1781,3241,1389,1852,-11,248774,3494,2048,1446,15624,16213,-589,3494,1541,1953,-24,251560,3792,1911,1881,16341,16487,-146,3972,1689,2283,12,255590,3993,1885,2108,16969,17455,-486,4669,1918,2751,2,259965,4061,1773,2288,17193,16964,229,4533,1643,2890,80,265452,4122,1790,2332,17171,16391,780,4282,2506,1776,95,270435,4349,1759,2590,17159,16994,165,4479,2725,1754,144,275088,4541,1752,2789,16396,16461,-65,5743,2223,3520,63,281395,4769,1740,3029,16801,18983,-2182,4309,1932,2377,-2,284617,4706,1805,2901,17492,18805,-1313,3847,1798,2049,18,288272,4592,1589,3003,18830,20452,-1622,5189,1786,3403,-1,293055
Richmond upon Thames,174311,2311,1420,891,12407,13690,-1283,4536,2350,2186,-664,175441,2568,1431,1137,13200,13718,-518,4465,2627,1838,-716,177182,2565,1425,1140,13126,13366,-240,3612,1716,1896,-666,179312,2565,1293,1272,13400,13100,300,3396,2041,1355,-731,181508,2626,1282,1344,13582,13304,278,2429,2288,141,-751,182520,2822,1253,1569,13634,14180,-546,2880,3290,-410,-712,182421,2939,1196,1743,13050,13713,-663,2664,2493,171,-745,182927,2834,1103,1731,13131,12642,489,2899,2920,-21,-732,184394,2984,1171,1813,13319,12848,471,2733,2346,387,-761,186304,2895,1145,1750,12918,12939,-21,2154,1931,223,-729,187527,2980,1174,1806,13717,13465,252,1832,2058,-226,-214,189145,2826,1278,1548,13779,13283,496,1636,1497,139,37,191365,2698,1088,1610,14219,14011,208,1859,1433,426,-24,193585
Southwark,256712,4091,1792,2299,17542,22847,-5305,6086,2273,3813,-1250,256269,4174,1746,2428,18213,23959,-5746,6640,3103,3537,-1246,255242,4398,1754,2644,19593,24508,-4915,7725,2228,5497,-1211,257257,4600,1641,2959,21085,25657,-4572,9725,2275,7450,-1283,261811,4606,1503,3103,22025,25500,-3475,9789,2375,7414,-1300,267553,4890,1503,3387,22251,25989,-3738,9610,2841,6769,-1345,272626,4992,1489,3503,22167,26173,-4006,8905,2678,6227,-1377,276973,5025,1503,3522,23272,26346,-3074,9013,3852,5161,-1462,281120,4873,1408,3465,23277,27207,-3930,8772,4164,4608,-1486,283777,5202,1381,3821,23874,26096,-2222,8557,3494,5063,-1722,288717,5028,1298,3730,24736,26926,-2190,7758,4479,3279,-6,293530,4908,1288,3620,25267,27520,-2253,8241,4700,3541,27,298465,4663,1279,3384,25873,29411,-3538,8778,4568,4210,17,302538
Sutton,181461,2009,1693,316,9801,10194,-393,1515,885,630,-749,181265,2243,1667,576,9955,10434,-479,1627,968,659,-754,181267,2172,1710,462,9753,10349,-596,1423,718,705,-744,181094,2345,1499,846,9995,9708,287,1519,860,659,-783,182103,2320,1520,800,10496,10137,359,1328,927,401,-781,182882,2516,1430,1086,11285,10632,653,1617,1254,363,-810,184174,2576,1532,1044,10567,9683,884,1411,839,572,-814,185860,2716,1425,1291,10347,8982,1365,1398,866,532,-881,188167,2701,1436,1265,9986,9551,435,1167,730,437,-983,189321,2688,1383,1305,9937,8977,960,1219,637,582,-1045,191123,2835,1358,1477,10665,9926,739,980,688,292,-1,193630,2639,1461,1178,10330,9574,756,941,611,330,20,195914,2642,1478,1164,11077,10483,594,1071,606,465,-3,198134
Tower Hamlets,201090,3823,1355,2468,14098,15549,-1451,8043,2656,5387,-463,207031,3922,1353,2569,14066,16955,-2889,7127,4703,2424,-484,208651,4031,1253,2778,14281,17964,-3683,7461,3641,3820,-412,211154,3933,1156,2777,15006,18495,-3489,7086,3678,3408,-468,213382,4068,1199,2869,16250,18423,-2173,8601,3814,4787,-465,218400,4152,1164,2988,16835,19556,-2721,10516,3451,7065,-481,225251,4227,1112,3115,17463,19642,-2179,9828,3633,6195,-489,231893,4218,1098,3120,20339,19261,1078,9807,4819,4988,-584,240495,4497,1037,3460,21491,20463,1028,11650,7305,4345,-808,248520,4490,1038,3452,20870,20891,-21,10345,5307,5038,-977,256012,4710,1063,3647,21047,22715,-1668,10616,5590,5026,-14,263003,4805,1018,3787,21205,22137,-932,12018,5005,7013,19,272890,4520,1002,3518,23142,24017,-875,13117,4650,8467,15,284015
Waltham Forest,222015,3545,1889,1656,11172,15559,-4387,5301,2462,2839,1653,223776,3663,1909,1754,12146,16948,-4802,4741,3043,1698,1689,224115,3873,1782,2091,11780,17007,-5227,4958,2673,2285,1738,225002,3948,1776,2172,12036,16384,-4348,5256,3079,2177,1744,226747,4030,1612,2418,12729,16107,-3378,6513,3331,3182,1762,230731,4413,1611,2802,13175,16958,-3783,7736,3577,4159,1756,235665,4491,1491,3000,13521,16880,-3359,7921,2898,5023,1769,242098,4547,1480,3067,13807,16626,-2819,7238,3178,4060,1734,248140,4636,1431,3205,14348,17035,-2687,6570,2843,3727,1624,254009,4830,1340,3490,13280,16750,-3470,6779,2489,4290,1423,259742,4892,1458,3434,14353,18232,-3879,6098,2825,3273,-4,262566,4754,1402,3352,14644,18484,-3840,5823,2117,3706,13,265797,4540,1346,3194,15068,21120,-6052,7652,2577,5075,6,268020
Wandsworth,271742,3976,2004,1972,25366,28472,-3106,7971,4720,3251,1058,274917,4267,1930,2337,26218,29702,-3484,8155,6003,2152,906,276828,4447,1908,2539,25893,29958,-4065,8013,5560,2453,860,278615,4370,1851,2519,26855,29189,-2334,8590,5086,3504,925,283229,4751,1769,2982,27757,30171,-2414,8068,5200,2868,873,287538,5044,1738,3306,28534,31346,-2812,8733,6252,2481,927,291440,5015,1667,3348,28120,30580,-2460,8443,7366,1077,900,294305,5317,1629,3688,30126,29215,911,8019,8357,-338,781,299347,5407,1617,3790,30737,30814,-77,7049,8169,-1120,680,302620,5548,1524,4024,29894,30155,-261,6605,5897,708,619,307710,5478,1515,3963,30401,31868,-1467,5973,7567,-1594,-300,308312,5269,1531,3738,29762,31386,-1624,6202,6100,102,-12,310516,5206,1479,3727,31074,33217,-2143,7005,7246,-241,286,312145
Westminster,203329,2531,1372,1159,20051,18823,1228,11810,6425,5385,-3001,208100,2677,1336,1341,19010,19897,-887,12794,7246,5548,-3093,211009,2776,1386,1390,16748,20146,-3398,14287,5326,8961,-3405,214557,2765,1298,1467,19232,19576,-344,16797,6159,10638,-3186,223132,2948,1140,1808,18526,20359,-1833,10237,7371,2866,-3144,222829,2953,1142,1811,18429,21008,-2579,10841,9048,1793,-3235,220619,2895,1076,1819,18216,21102,-2886,10040,7761,2279,-3158,218673,2939,1052,1887,19671,21092,-1421,10692,9650,1042,-3201,216980,3006,1106,1900,20673,20672,1,11386,9791,1595,-3289,217187,3086,1103,1983,18879,20897,-2018,14716,8982,5734,-3304,219582,3008,1115,1893,18129,21331,-3202,13419,7820,5599,-14,223858,2832,1108,1724,16646,22984,-6338,13549,6003,7546,51,226841,2574,1007,1567,17127,21127,-4000,14459,5573,8886,-2,233292